{
    "loss": 2.5075345039367676,
    "accuracy": 0.6034482717514038
}